{
  "alpha": 0.1,
  "gamma": 0.95,
  "epsilon": 0.0,
  "q_table": {
    "(1, 2, 3, 0)": [
      0.0,
      0.0
    ],
    "(1, 4, 3, 0)": [
      0.8492038559394759,
      0.272159892861465
    ],
    "(0, 3, 1, 1)": [
      0.04797464411023826,
      -0.1525350111562623
    ],
    "(0, 2, 2, 1)": [
      0.0,
      0.0
    ],
    "(0, 4, 1, 1)": [
      0.13296789275496546,
      0.8478246792160765
    ],
    "(0, 3, 2, 1)": [
      0.0,
      0.0
    ],
    "(1, 3, 3, 1)": [
      0.16205739775245268,
      -0.08188416569024629
    ],
    "(1, 2, 3, 1)": [
      0.0,
      0.0
    ],
    "(1, 3, 3, 0)": [
      0.4063194010003581,
      -0.01748319115591479
    ],
    "(0, 4, 1, 2)": [
      0.2587860278221915,
      0.06800191658791538
    ],
    "(0, 2, 1, 2)": [
      0.0,
      0.0
    ],
    "(0, 3, 2, 2)": [
      0.0,
      0.0
    ],
    "(1, 4, 3, 1)": [
      0.22935152970550365,
      -0.17152353819980398
    ],
    "(0, 3, 1, 2)": [
      0.09459159779778817,
      0.47393311460754484
    ],
    "(0, 2, 2, 2)": [
      0.0,
      0.0
    ],
    "(0, 2, 1, 1)": [
      0.0,
      0.0
    ],
    "(1, 3, 4, 0)": [
      -0.343094701955,
      0.9999153585021713
    ],
    "(1, 4, 3, 2)": [
      0.4107823532353667,
      0.8111391108088764
    ],
    "(1, 3, 3, 2)": [
      0.22354543354395115,
      0.17166076252716556
    ],
    "(1, 2, 3, 2)": [
      0.0,
      0.0
    ],
    "(1, 2, 2, 1)": [
      0.0,
      0.0
    ],
    "(0, 4, 2, 2)": [
      0.0,
      0.0
    ],
    "(1, 4, 4, 1)": [
      0.2690016682921813,
      1.0149620400996044
    ],
    "(1, 3, 2, 1)": [
      0.0,
      0.0
    ],
    "(0, 4, 2, 1)": [
      0.0,
      0.0
    ],
    "(1, 4, 4, 0)": [
      0.7704898339436405,
      0.9177339431621301
    ],
    "(1, 2, 2, 0)": [
      0.0,
      0.0
    ],
    "(1, 2, 2, 2)": [
      0.0,
      0.0
    ],
    "(1, 3, 4, 1)": [
      -0.13754211593650773,
      0.8434601441226324
    ],
    "(0, 4, 0, 2)": [
      -0.1550725993935015,
      1.0930512354152233
    ],
    "(1, 4, 2, 1)": [
      0.0,
      0.0
    ],
    "(1, 4, 4, 2)": [
      0.13717929041116322,
      1.0730740110148886
    ],
    "(1, 4, 2, 2)": [
      0.0,
      0.0
    ],
    "(0, 4, 0, 1)": [
      0.24026109117370573,
      1.1142196356650373
    ],
    "(0, 4, 1, 0)": [
      0.34447682590447504,
      -0.17506130740357478
    ],
    "(0, 2, 1, 0)": [
      0.0,
      0.0
    ],
    "(1, 3, 2, 2)": [
      0.0,
      0.0
    ]
  },
  "training_episodes": 0
}